"Scenario","Measles, DynaMICE","Measles, IDM","Measles, Penn State","Meningitis A, Cambridge","Meningitis A, KP","Yellow fever, Imperial","Yellow fever, Notre Dame"
"BAU",0,0,0,0,0,0,0
"50% RI",5466119.09219762,2742370.4,189789.342,3957,124.21627,382391,179674.8
"Postpone 2020 SIAs -> 2021",4828484.84416434,229251.6,-6829.76700000003,8925,-91.94272,-112136.4,-23763.6
"50% RI, postpone 2020 SIAs -> 2021",1177050.80497958,2962973.2,116610.105,13528,14.22805,267617.5,128595.2
