"Scenario","Measles, DynaMICE","Measles, IDM","Measles, Penn State","Meningitis A, Cambridge","Meningitis A, KP","Yellow fever, Imperial","Yellow fever, Notre Dame"
"BAU",0,0,0,0,0,0,0
"50% RI",5498905.31752599,2482370.3,160258.1405,729,24.93101,211898.3,96455.48
"Postpone 2020 SIAs -> 2021",3985252.93610933,131349.6,-14199.9175,1850,-16.63345,-8560,-3350.99
"50% RI, postpone 2020 SIAs -> 2021",1593171.94645856,2585375.7,127314.6511,2765,5.52216000000001,207442,82736.94
