"Scenario","Measles, DynaMICE","Measles, IDM","Measles, Penn State","Meningitis A, Cambridge","Meningitis A, KP","Yellow fever, Imperial","Yellow fever, Notre Dame"
"BAU",0,0,0,0,0,0,0
"50% RI",79832.130980485,47495.71,3459.2782,66,2.1743821,6042.14999999999,3093.246
"Postpone 2020 SIAs -> 2021",65061.765260845,4994.18,-715.313900000001,142,-1.7869361,-2395.67,-421.013999999997
"50% RI, postpone 2020 SIAs -> 2021",16570.59397077,52540.42,1529.7635,215,0.0652199000000004,3589.54,2197.851
