"Scenario","Measles, DynaMICE","Measles, IDM","Measles, Penn State","Meningitis A, Cambridge","Meningitis A, KP","Yellow fever, Imperial","Yellow fever, Notre Dame"
"BAU",0,0,0,0,0,0,0
"50% RI",79.2110134290396,68.5537216819328,2.75028879983778,0.117489741441273,0.00368818232122805,9.32823396544383,4.38307536551417
"Postpone 2020 SIAs -> 2021",69.970882701578,5.73082701794687,-0.0989720048958376,0.264997710983918,-0.00272992832959499,-2.73551044674847,-0.579700936113091
"50% RI, postpone 2020 SIAs -> 2021",17.0569622701753,74.0683461664499,1.689828640269,0.401668239124979,0.000422453857900811,6.52839280539334,3.13701450199676
