"simple_scenario","percent_diff"
"BAU",NA
"50% RI",11.5673971282602
"Postpone 2020 SIAs -> 2021",5.26625588534741
"50% RI, postpone 2020 SIAs -> 2021",5.38446469157406
