"simple_scenario","percent_diff"
"BAU",NA
"50% RI",9.88549112265214
"Postpone 2020 SIAs -> 2021",3.78041492835671
"50% RI, postpone 2020 SIAs -> 2021",4.80233518049261
