"Scenario","Measles, DynaMICE","Measles, IDM","Measles, Penn State","Meningitis A, Cambridge","Meningitis A, KP","Yellow fever, Imperial","Yellow fever, Notre Dame"
"50% RI",20.8390729184804,11.4192937471176,6.52903429786367,13.7601279688424,7.03079537261966,3.41542984973381,2.61741819562979
"Postpone 2020 SIAs -> 2021",18.4081513885751,0.954608962522612,-0.234954094468684,31.0359216886323,-5.20407230326643,-1.00157694036128,-0.346176976591415
"50% RI, postpone 2020 SIAs -> 2021",4.48739720814681,12.3378889064865,4.01156022388443,47.0424592273186,0.80532533030987,2.39029892913572,1.87331457307257
