"Scenario","Measles, DynaMICE","Measles, IDM","Measles, Penn State","Meningitis A, Cambridge","Meningitis A, KP","Yellow fever, Imperial","Yellow fever, Notre Dame"
"50% RI",19.195711839924,11.9708220269209,6.40296521960783,15.9806295399516,5.88751656991196,2.50260878684639,1.91777691570444
"Postpone 2020 SIAs -> 2021",15.644163351336,1.25873347193689,-1.32401320680194,34.3825665859564,-4.83843947344296,-0.992266791189273,-0.261023673774753
"50% RI, postpone 2020 SIAs -> 2021",3.98441508416002,13.2422910835457,2.8315220454734,52.0581113801453,0.176594188269842,1.48675791642654,1.36264147717822
