"Scenario","Measles, DynaMICE","Measles, IDM","Measles, Penn State","Meningitis A, Cambridge","Meningitis A, KP","Yellow fever, Imperial","Yellow fever, Notre Dame"
NA,0.779941898250985,0.875181879139681,0.0206439160001151,0.00418651845924173,4.48012800524651e-06,0.0588396759151678,0.0396010659727265
